fold,epoch,lr,train_loss,train_bce,train_huber,train_grad_norm,train_acc_h1,train_acc_h5,train_acc_h20,train_mean_acc,val_loss,val_bce,val_huber,val_grad_norm,val_acc_h1,val_acc_h5,val_acc_h20,val_mean_acc,gap
1,1,2.9999999999999997e-05,0.5066273449261983,0.6922080211639404,0.007198772748311361,0.1072080184618632,0.5115195630391439,0.5266521849632263,0.5265144817034404,0.5215620765686035,0.5091067845704126,0.6945416507173757,0.007994502217921078,0.0,0.524718237704918,0.5279381441288307,0.5203456678351418,0.5243340165562969,-0.002479439644214265
1,2,5.9999999999999995e-05,0.5014728830655416,0.6852625085512797,0.007055500206847986,0.10515812530120214,0.5507926829655965,0.5679044715563456,0.545032774368922,0.5545766429636213,0.5100034494869045,0.695779155512325,0.00799830044909823,0.0,0.5307294951110589,0.5284602905883163,0.5179680932740696,0.5257192929911483,-0.00853056642136285
1,3,8.999999999999999e-05,0.49777279543876646,0.6801753458976746,0.0070258060805499555,0.13111772165695826,0.5604880588849386,0.5753971036275228,0.5574748476346334,0.5644533367156982,0.5100481133969104,0.6958443766734639,0.007995904812619824,0.0,0.529117079054723,0.5320644178351418,0.5226690573770492,0.5279501847556379,-0.012275317958143905
1,4,0.00011999999999999999,0.4899369684855143,0.6694509879748026,0.006927611293892065,0.21917778142293295,0.5938005588849385,0.5856443088849386,0.5760609755516052,0.5851686144404941,0.5151548009426867,0.7029022701451035,0.00801031570118226,0.0,0.5315422708870935,0.5274258490468635,0.5091572745901639,0.5227084648413737,-0.025217832457172407
1,5,0.00015,0.4756120609442393,0.6497562549908956,0.006812466323375702,0.3320697666406631,0.6317954777081808,0.6120843496322632,0.6028971036275228,0.6155923103226556,0.5211491008273891,0.7111882088614292,0.008026309700713295,0.0,0.535410755970439,0.52301551377187,0.5124231557377049,0.5236164751600046,-0.04553703988314978
1,6,0.00017999999999999998,0.4542962101300557,0.620433118502299,0.0066532801191012065,0.4212851043542226,0.6661125507354736,0.6426105182965597,0.6323732215563457,0.6470320968627931,0.5231342721180837,0.7139481071565972,0.008020208583625614,0.0,0.5402594970875099,0.5183227589873017,0.5134740178702307,0.5240187579816807,-0.068838061988028
