fold,epoch,lr,train_loss,train_bce,train_huber,train_grad_norm,train_acc_h1,train_acc_h5,train_acc_h20,train_mean_acc,val_loss,val_bce,val_huber,val_grad_norm,val_acc_h1,val_acc_h5,val_acc_h20,val_mean_acc,gap
2,1,2.9999999999999997e-05,0.5066722291934339,0.6922926938986477,0.007182559913283662,0.09772425516496731,0.5167888571944418,0.5328017046179953,0.5216824552680873,0.5237576723601748,0.5047187775862022,0.6897820439495024,0.007040550825415087,0.0,0.5479422817464734,0.5499429487791218,0.5270158032901952,0.5416336779385968,0.0019534516072317043
2,2,5.9999999999999995e-05,0.5016478214082839,0.6854968938646437,0.007061327939640872,0.09843125364071206,0.5487530495547042,0.5633580787272393,0.544270465645609,0.5521271979758507,0.5050840109098153,0.6903695307794164,0.006981915634003331,0.0,0.5431530983721624,0.540748804807663,0.5282480286770179,0.5373833106189477,-0.0034361895015313504
2,3,8.999999999999999e-05,0.4979726749130442,0.6805042576186264,0.006988373511954199,0.1269873707732068,0.5618454189240178,0.5711630534522141,0.5562670992899544,0.5630918572220621,0.5061067577268257,0.6917882981847544,0.006981012716767241,0.0,0.5468827622835754,0.5413134938380757,0.5316885558308148,0.5399616039841552,-0.008134082813781474
2,4,0.00011999999999999999,0.49029831765573234,0.6699695220476465,0.006914836307398126,0.2107546827461146,0.5927583967583089,0.5868762686282774,0.5737233818331852,0.5844526824065905,0.5169765328774687,0.7067438256545145,0.007060359003113918,0.0,0.5434732827983919,0.5274504784677849,0.5096288191490486,0.5268508601384084,-0.026678215221736357
2,5,0.00015,0.4751031929179083,0.6490804082230677,0.0067912227144064025,0.3193612864123115,0.6375609901886952,0.6116792718066445,0.5978954435903815,0.615711901861907,0.5332517741156406,0.7292233558951832,0.007116609962931911,0.0,0.5420799958901327,0.5221334764214812,0.5138067407686202,0.5260067376934113,-0.05814858119773231
2,6,0.00017999999999999998,0.45266001707390896,0.618175386778916,0.0066460438968637325,0.4248867190336879,0.6715722553337676,0.6454148202002803,0.6230422062209889,0.6466764272516791,0.5292130801521364,0.7237000260196749,0.007063004272211282,0.0,0.5356277945588847,0.514575183391571,0.5051947499884933,0.5184659093129831,-0.07655306307822746
